Park Unit,Total Recreation Visits,Total Visitor Spending,Jobs,Labor Income,Value Added,Economic output,Spending per person
Abraham Lincoln Birthplace NHP,252495,14763.1,245,7004.7,11226.5,19905.8,0.058468881
Acadia NP,3303394,274208.8,4195,111087.1,188275.1,332786.3,0.083008203
Adams NHP,199300,11652.8,171,6534.1,10281.9,16519.6,0.05846864
African Burial Ground NM,46526,2720.4,34,1603.2,2487.3,3764.5,0.058470533
Agate Fossil Beds NM,15555,1140.4,17,354.9,638,1199.3,0.073314047
Alibates Flint Quarries NM,8152,476.6,8,189.9,331.4,596.5,0.058464181
Allegheny Portage Railroad NHS,189370,11072.2,184,5476.3,8602.7,15044.8,0.058468606
Amistad NRA,1164530,50617.7,710,15544.9,28081.3,51077.6,0.043466205
Andersonville NHS,134216,7847.4,133,3016.4,5135.5,9622.3,0.058468439
Andrew Johnson NHS,45937,2685.8,45,1202.5,2006.6,3502.1,0.058467031
Aniakchak NM&PRES,83,79.1,0,31.4,74.3,111.1,0.953012048
Antietam NB,351911,22660.8,305,12039,19161.8,30595.2,0.064393554
Apostle Islands NL,183797,29270.1,456,11158.7,19554.8,35699.8,0.159252327
Appomattox Court House NHP,303139,17724.1,290,7654.8,12805.9,22758.6,0.058468557
Arches NP,1585719,188802.5,3120,78699.1,142124.6,251620.4,0.119064286
Arkansas Post NMEM,34405,2011.6,29,882.3,1386.8,2428.5,0.058468246
"Arlington House The Robert E. Lee, Memorial NMEM,",1057500,61830.5,869,33737.8,52945.9,84399.1,0.058468558
Assateague Island NS,2267822,98272.4,1332,38848.1,68307.9,112223.3,0.043333383
Aztec Ruins NM,57693,3373.2,52,1249,2169.2,3880.2,0.058468098
Badlands NP,996263,63746.6,1031,24935.9,41060.9,79640.5,0.063985715
Bandelier NM,198478,12469.9,194,5397.1,8720.1,15769.4,0.062827618
Belmont Paul Women's Equality NM,2703,51.3,0,28.9,45.7,72.8,0.018978912
Bent's Old Fort NHS,31948,1868,29,739.1,1318.2,2302.4,0.058470014
Bering Land Bridge NPRES,2642,4166.7,54,1975,3626,5937,1.577100681
Big Bend NP,388290,34197.4,510,11549,20972.4,37888.7,0.088071802
Big Cypress NPRES,1102147,88049.8,1255,48767.7,77452.1,126017.4,0.079889343
Big Hole NB,41795,2728.7,40,1002.2,1523.7,2884.3,0.065287714
Big South Fork NRRA,684715,20763.3,282,7506.6,12746.9,22328.7,0.030324003
Big Thicket NPRES,192809,12347.9,172,5890.1,9511.2,15909.4,0.064042135
Bighorn Canyon NRA,259485,11238.6,174,4544.1,7251.3,13502.7,0.043311174
Biscayne NP,514709,33004.1,461,18188.9,28395.1,45979.9,0.064121863
Black Canyon Of The Gunnison NP,238017,14616.1,197,6769,11041.6,18040.2,0.061407799
Blue Ridge PKWY,15175578,979334.2,15649,462871,767939.8,1341343,0.064533568
Bluestone NSR,34139,1485.5,23,598.1,963,1706.5,0.043513284
Booker T Washington NM,23439,1370.5,22,606.7,989.9,1779.3,0.058470925
Boston NHP,2594495,151696.4,2226,85199.5,134130.9,215088,0.058468565
Boston African American NHS,414170,24216,356,13595.4,21409.4,34339.2,0.058468745
Brown V Board Of Education NHS,27968,1635.2,28,855.3,1360.3,2398.9,0.058466819
Bryce Canyon NP,2365111,200974.1,3036,78944.8,139455.7,244697.3,0.08497449
Buck Island Reef NM,38929,2424.2,28,1101.1,1864.4,2897.4,0.062272342
Buffalo NR,1785358,77556.6,1200,30604.1,50099.5,90199.7,0.043440363
Cabrillo NM,959145,56079.8,819,30201.7,46315.5,75163.1,0.058468532
Canaveral NS,1629944,104943.6,1551,50324.9,84136.1,140813.9,0.064384789
Cane River Creole NHP,26863,1570.7,23,631,1079.6,1913.6,0.058470759
Canyon De Chelly NM,821406,54629.8,797,19622.8,34420.9,62237.8,0.066507671
Canyonlands NP,776217,47639.7,722,18085.8,32425.2,57605.3,0.061374203
Cape Cod NS,4692795,204549,2635,107373.6,164687.3,259123.7,0.043587883
Cape Hatteras NS,2411711,153828.4,2359,65010.8,108081.4,191709.5,0.063783928
Cape Krusenstern NM,15000,23656.3,308,11212.9,20586.4,33706.5,1.577086667
Cape Lookout NS,458000,20931.7,322,7451,12259.7,22945.1,0.045702402
Capitol Reef NP,1064904,77047.5,1083,28532.1,50125.3,88246.3,0.072351592
Capulin Volcano NM,60132,1806.5,27,561,966.1,1818.8,0.03004224
Carl Sandburg Home NHS,80695,4718.2,76,2049.9,3449.4,6015.6,0.058469546
Carlsbad Caverns NP,466772,30064,444,10905.3,18277.6,33785.2,0.064408319
Casa Grande Ruins NM,75752,4429.1,68,2360.7,3811.8,6306.9,0.058468423
Castillo De San Marcos NM,854664,49971,804,23238.7,39329.9,67756.6,0.058468591
Castle Clinton NM,4812931,117641.8,1362,58748.8,89400.2,136657.2,0.02444286
Catoctin Mountain P,221750,13620.7,184,7189.6,11402.6,18277.3,0.061423675
Cedar Breaks NM,899676,57863.9,851,21398,38042.6,67219.9,0.064316376
Cesar E. Chavez NM,17216,1006.6,14,546.4,844.4,1396.6,0.058468866
Chaco Culture NHP,54083,2981.4,46,1194.4,1979,3600.5,0.05512638
Chamizal NMEM,147937,8649.6,142,3346.6,5819.3,10780.4,0.058468132
Channel Islands NP,364808,22436,315,12610.7,19409.8,31882.7,0.061500844
Charles Pinckney NHS,53184,3109.6,48,1373.9,2334.2,3913.1,0.058468712
Charles Young Buffalo Soldiers NM,10211,597.1,9,272.4,432.3,790,0.058476153
Chattahoochee River NRA,2736385,119071.9,1841,62588.4,97242.2,166687.3,0.043514308
Chesapeake & Ohio Canal NHP,4813079,91239.4,1351,50484.3,80369.6,130195.4,0.018956556
Chickamauga & Chattanooga NMP,1027738,66160.3,1016,26138.1,45515.5,81561.2,0.064374675
Chickasaw NRA,1676421,26493.9,278,7104.3,11386.1,20609.5,0.015803846
Chiricahua NM,51277,3029,40,1023.5,1774.3,3133.4,0.059071319
Christiansted NHS,115446,6750,83,3190.2,5283.4,8271.9,0.058468895
City Of Rocks NRES,107864,6306.7,98,2537.5,4081.9,7341.4,0.058468998
Colonial NHP,3352655,196024.9,3221,92633,152328.1,268386,0.058468557
Colorado NM,391076,24513.6,368,9634,17368.5,30315.9,0.062682445
Congaree NP,143843,7307.3,101,2816.1,4954.9,8529.8,0.050800526
Coronado NMEM,136076,7956.2,120,3196.5,5590.5,9612.1,0.058468797
Cowpens NB,213299,13734.2,216,6699,10808.1,18682.2,0.064389425
Crater Lake NP,756343,65300.7,1101,31401.2,49465.6,89386.8,0.086337416
Craters Of The Moon NM&PRES,255437,8922.4,139,3276.6,5346.6,10199.2,0.034929944
Cumberland Gap NHP,820387,52528.8,793,21878.4,37935.6,66126.5,0.064029293
Cumberland Island NS,61897,2591.6,39,1134.5,1852.2,3192.9,0.041869557
Curecanti NRA,982498,42453.7,565,17982.1,29647.9,49014.4,0.043209961
Cuyahoga Valley NP! ,2423391,69728.2,1085,31246.9,49152.7,87223.8,0.028772988
Dayton Aviation Heritage NHP,95334,5655.7,104,3195.5,4989,8850.2,0.05932511
De Soto NMEM,232463,13591.8,210,6967.7,11356.4,19063.5,0.05846866
Death Valley NP,1296283,108077.8,1505,53351.6,86468.1,141229.1,0.083375158
Delaware Water Gap NRA,3677744,126386.2,1887,76773.7,117985.1,186375.6,0.034365143
Denali NP&PRES,587412,604881.9,7744,286405.4,530137,864377.5,1.029740455
Devils Postpile NM,135404,8722.7,125,3611.1,6090.7,10460.9,0.06441981
Devils Tower NM,496210,31586.8,500,12589.5,20921.8,39646.1,0.063656113
Dinosaur NM,304312,18084.2,244,7250.2,11965.7,20457.6,0.05942651
Dry Tortugas NP,73661,4410,54,1837.7,2996,4869.2,0.059868859
Edgar Allan Poe NHS,14828,867,13,508.7,790.1,1286.4,0.058470461
Effigy Mounds NM,77196,4906.7,82,1915.6,3248.5,5982.9,0.063561584
Eisenhower NHS,55551,3248,46,1760.8,2749.7,4413.9,0.058468794
El Malpais NM,157439,9205.2,155,3919,6443.1,11815.3,0.058468359
El Morro NM,59423,3762.7,55,1071.6,2015.8,3851.8,0.0633206
Eleanor Roosevelt NHS,63480,3711.6,52,1969.6,3187.3,4957.3,0.058468809
Eugene O'Neill NHS,4287,250.7,3,144.9,215.5,347.1,0.058479123
Everglades NP,930907,91321.4,1330,52994.1,84126.2,136391.8,0.09809938
Federal Hall NMEM,314531,18390.2,235,10869.1,16817.5,25429.3,0.058468641
Fire Island NS,431303,18627.7,217,10097.6,15630.3,23536.9,0.043189359
First Ladies NHS,13378,782.3,13,413.8,643.7,1127,0.058476603
Flight 93 NMEM,385123,22517.6,371,11218.7,17587.9,30731.8,0.058468593
Florissant Fossil Beds NM,73564,4301.2,65,2354.1,3779.4,6255.3,0.058468816
Ford's Theatre NHS,650779,12351.6,176,6963.8,10997.4,17504.1,0.018979715
Fort Bowie NHS,8013,468.5,8,185.2,323.8,558.7,0.05846749
Fort Caroline NMEM,232083,13569.6,217,6549.3,10874.8,18709.9,0.058468737
Fort Davis NHS,61823,3614.7,55,1164.9,2091.5,3838.4,0.058468531
Fort Donelson NB,259343,16703.2,244,7781.9,12844.6,21613.6,0.064405825
Fort Frederica NM,192906,11279,182,5206.8,8558.6,14825.6,0.058468892
Fort Laramie NHS,57445,3358.7,52,1309.2,2249.7,3948.7,0.0584681
Fort Larned NHS,31061,1882.3,27,618.6,1105.6,2082.4,0.060600109
Fort Matanzas NM,557811,32614.4,524,15231.5,25777.4,44304.2,0.058468549
Fort McHenry NM&SHRINE,610987,35723.5,508,19331.7,30820.3,49054.2,0.058468511
Fort Necessity NB,290021,18680.5,296,9424.4,14960.7,25999.8,0.064410853
Fort Point NHS,2264155,132381.9,1839,76487.6,113781.2,183285.7,0.058468568
Fort Pulaski NM,344921,22219.5,320,9452.1,15992,27123.9,0.064419099
Fort Raleigh NHS,292368,17094.3,277,7482.6,12215.1,21716.4,0.058468437
Fort Scott NHS,29291,518.8,7,166.6,269.3,506.8,0.017711925
Fort Smith NHS,163636,9567.6,161,3910.3,6499.4,11923.7,0.058468797
Fort Stanwix NM,94006,5179.2,68,1986,3927,6350.6,0.055094356
Fort Sumter NM,888331,51939.5,786,22949.3,39028,65506.6,0.058468634
Fort Union NM,11953,805.9,11,341.7,523.1,910.7,0.067422404
Fort Union Trading Post NHS,17502,1393.2,16,497.2,736.1,1277.2,0.079602331
Fort Vancouver NHS,1092031,63849.5,1069,34410.7,52916.4,92285.1,0.058468578
Fort Washington P,560358,32763.4,454,17880.2,27984.5,44382.3,0.058468693
Fossil Butte NM,20736,1030.7,13,393.5,634.3,1110.4,0.049705826
Franklin Delano Roosevelt MEM,4360503,82761.1,1181,46660.6,73687.4,117285.4,0.018979714
Frederick Douglass NHS,67387,1279,17,721.1,1138.3,1809.6,0.018979922
Frederick Law Olmsted NHS,8936,522.5,7,292.8,461.4,742.3,0.058471352
Fredericksburg & Spotsylvania NMP,969895,56708.4,787,30191.9,47145.6,75308.5,0.058468597
Friendship Hill NHS,37848,2212.9,38,1130,1773.1,3090.6,0.058468083
Gates Of The Arctic NP&PRES,10047,15844.8,205,7510.3,13788.6,22576.5,1.577067781
Gateway NRA,8651771,211482.4,2489,106267.4,160938.8,247963.2,0.024443828
Gauley River NRA,115888,5020.9,73,2012.3,3171.4,5593.1,0.043325452
General Grant NMEM,109151,6381.9,81,3759.3,5837.1,8839.6,0.058468544
George Rogers Clark NHP,126095,7372.6,124,2874.2,4874.5,9029.6,0.058468615
George Washington MEM PKWY,10323339,66926.9,1215,39500.7,58428.3,96249.5,0.006483067
George Washington Birthplace NM,129750,5909.9,79,3066.5,4790.8,7590.1,0.045548362
George Washington Carver NM,46397,849.3,12,340,537.5,967.4,0.018305063
Gettysburg NMP,1091320,70130.5,953,37013.6,58675.4,94048.7,0.064262086
Gila Cliff Dwellings NM,41519,2427.6,37,748.1,1325.7,2472.6,0.058469616
Glacier NP,2946681,250815.5,4337,117600.5,180278.7,339014.1,0.085117968
Glacier Bay NP&PRES,520171,112054.6,2013,60733.3,94327.2,161071.6,0.215418776
Glen Canyon NRA,3239525,235159.9,3346,88420.2,156951.8,272501.1,0.072590858
Golden Gate NRA,15638777,392112.3,4832,193074,284398.8,458213.3,0.02507308
Golden Spike NHS,60028,3430.9,56,1682.1,2644.3,4748.7,0.057154994
Governors Island NM,522860,30570.9,388,18068.2,27956.5,42272.2,0.058468615
Grand Canyon NP,5969811,648170.9,9779,334219.8,556633.8,904315.7,0.108574777
Grand Portage NM,95862,6174.6,87,1792.6,3286.4,6112.9,0.064411341
Grand Teton NP,3270075,597290.5,9365,274744.8,439366.4,779479.8,0.182653456
Grant Kohrs Ranch NHS,23176,1355.1,23,653,959.3,1807.5,0.058469969
Great Basin NP,144847,8362.4,122,2725.7,4863.8,8861.7,0.057732642
Great Sand Dunes NP&PRES,388307,23701,348,9194.6,16456.8,28938.7,0.061036757
Great Smoky Mountains NP,11312786,942731.8,14673,426908.8,745508.1,1277787.6,0.083333301
Greenbelt P,137899,8502.9,112,4478.6,7131.9,11320.8,0.061660346
Guadalupe Mountains NP,181838,11240.2,169,4228.5,7384.4,13510.2,0.061814362
Guilford Courthouse NMP,321796,18814.8,318,9305.6,14371,25454.2,0.058468098
Gulf Islands NS,4771308,206607.7,3000,90031.6,145918.8,251844.7,0.043302109
Hagerman Fossil Beds NM,25983,1519.2,24,724.5,1124,2030,0.058468999
Haleakala NP,1263559,81087.9,951,37094.3,62840.3,97639.8,0.06417421
Hamilton Grange NMEM,85348,4990.2,64,2935.1,4555.4,6884.6,0.058468857
Hampton NHS,34943,2043.1,28,1124.5,1776.2,2838.1,0.058469507
Harpers Ferry NHP,335691,16577.2,254,9661.6,15073.2,24156.6,0.049382319
Harry S Truman NHS,34616,2023.9,33,1073.7,1704.2,3002.7,0.058467183
Hawaii Volcanoes NP,1887580,159195.5,1917,74345.7,129139.8,199923.4,0.084338412
Herbert Hoover NHS,152383,8909.7,145,3689.4,6416.7,11407.1,0.058469121
Home Of Franklin D Roosevelt NHS,193272,11300.3,153,6053.7,9735.8,15155.2,0.058468376
Homestead NM,87755,2879,45,1014.5,1696.2,3150.6,0.032807247
Hopewell Culture NHP,58058,3394.6,60,1759.3,2723.9,4831,0.058469117
Hopewell Furnace NHS,54168,3167.1,50,1792.8,2803.5,4647.5,0.058468099
Horseshoe Bend NMP,83370,4874.6,82,2227.4,3577.6,6507.4,0.058469473
Hot Springs NP,1544301,98960.2,1584,41152.8,69807.1,126576.1,0.064080901
Hovenweep NM,42863,2709,39,1039.6,1825.4,3153.8,0.063201362
Hubbell Trading Post NHS,67276,3933.6,61,1413,2439.6,4450.7,0.058469588
Independence NHP,5067511,296290,4585,173858.5,270008.3,439627.5,0.058468546
Indiana Dunes NL,1698222,73788,1024,39408.1,62104.4,100876.1,0.04345015
Isle Royale NP,24966,5600.7,92,1995.7,3518.9,6541.2,0.224333093
James A Garfield NHS,45438,1627.3,28,845.9,1326.1,2374.4,0.035813636
Jean Lafitte NP&PRES,438420,25633.8,395,12087.2,19421.5,33511.6,0.058468592
Jefferson NEM,1271855,127061.7,2296,70346.1,111061.1,198145,0.099902662
Jewel Cave NM,137276,8026.4,134,3268.4,5325.8,10237.9,0.05846907
Jimmy Carter NHS,66440,3884.6,66,1485.2,2529.4,4743.3,0.05846779
John D Rockefeller Jr MEM PKWY,1411820,49901.4,826,26961.5,43953.4,78932.5,0.035345441
John Day Fossil Beds NM,210111,9995.4,153,4183.9,6524.3,11801.9,0.047571998
John F Kennedy NHS,25468,1489.1,21,834.3,1314.8,2115.7,0.058469452
John Muir NHS,49376,2887,40,1667.8,2482.3,4000,0.058469702
Johnstown Flood NMEM,154932,9577.1,169,4977.9,7773.5,13656.8,0.061814861
Joshua Tree NP,2505286,123304.5,1701,63662,100692.7,164529.9,0.049217734
Kalaupapa NHP,71528,4182.2,54,1976.6,3273.5,5125.1,0.058469411
Kaloko Honokohau NHP,185040,10819,137,5113.3,8468.3,13258.2,0.058468439
Katmai NP&PRES,37818,59643.2,776,28270.5,51903.3,84982.4,1.577111428
Kenai Fjords NP,346534,62784.5,1200,34936.9,52200,90223.9,0.18117847
Kennesaw Mountain NBP,2360255,138000.7,2294,78261.9,121116.8,207703,0.058468555
Keweenaw NHP,14613,854.4,12,226.6,462.4,907.4,0.058468487
Kings Canyon NP,607479,52945.1,793,22734.4,38460.9,66635,0.087155441
Kings Mountain NMP,263357,10527.9,166,5134.5,8140.1,14073.9,0.039975774
Klondike Gold Rush AK NHP,912351,166412.4,3173,92500.1,138430.7,239144.4,0.182399537
Klondike Gold Rush WA NHP,69436,4059.8,57,1944.9,3360.7,5461.6,0.05846823
Knife River Indian Villages NHS,13328,779.3,11,340.7,544.6,992.1,0.058470888
Kobuk Valley NP,15500,24445.4,318,11587,21273.2,34831,1.577122581
Korean War Veterans MEM,4084298,77518.8,1106,43705.1,69019.8,109856.2,0.018979712
Lake Chelan NRA,45513,2908.8,37,1398.4,2393.1,3829.6,0.06391141
Lake Clark NP&PRES,21102,33280.3,432,15774.6,28961.5,47419.3,1.577115913
Lake Mead NRA,7175890,312693.6,4172,141437,226254.1,369031.2,0.043575584
Lake Meredith NRA,1025613,44426.5,654,16344.5,28445,51392.7,0.043317021
Lake Roosevelt NRA,1253571,54340,754,21016.6,37956.6,64488.6,0.043348163
Lassen Volcanic NP,536068,32639.4,478,12093.6,21362.9,37514.1,0.060886679
Lava Beds NM,127699,5402.8,74,1971.9,3278.2,5870,0.042308867
Lewis and Clark NHP,281576,16463.4,260,8620.5,13475.7,22991.5,0.058468762
Lincoln MEM,7915933,150242.1,2140,84706.4,133770,212916.5,0.018979708
Lincoln Boyhood NMEM,125563,5996.7,102,2836.3,4576.4,8241.5,0.047758496
Lincoln Home NHS,239719,14563.1,234,5743.6,10597.7,18475.9,0.060750712
Little Bighorn Battlefield NM,332328,19430.8,330,8640.8,13401.6,25264.6,0.058468742
Little River Canyon NPRES,462700,27053.4,446,12003.6,19928.5,35545.4,0.058468554
Little Rock Central High School NHS,129539,7574,130,3317.1,5508,10004.2,0.058468878
Longfellow NHS,49698,2905.7,44,1630.4,2568.9,4122.6,0.058467142
Lowell NHP,541825,31679.7,467,17721.9,27945.1,44925.9,0.058468509
Lyndon B Johnson NHP,140302,8203.3,131,4133.3,6756.5,11601.3,0.058468874
Lyndon Baines Johnson Memorial Grove on the Potomac NMEM,260234,15215.6,215,8302.4,13029.2,20769.4,0.058468916
Maggie L Walker NHS,9589,560.6,9,261.8,434,759.8,0.058462822
Mammoth Cave NP,586515,49629.7,764,24024.9,39764.5,67961.5,0.084617955
Manassas NBP,534836,31271.1,436,17068.6,26706.2,42506.3,0.058468577
Manhattan Project (New Mexico) NHP,12452,728,9,236.9,361.4,671.7,0.058464504
Manhattan Project (Washington) NHP,13987,817.8,10,299.2,564.4,930.7,0.058468578
Manhattan Project (Tennessee) NHP,78276,4576.7,72,2035.3,3490.1,6053.6,0.058468752
Manzanar NHS,105307,10974,161,4592.1,7614.4,12975.6,0.104209597
Marsh   Billings   Rockefeller NHP,55716,3257.6,50,1487.4,2560.7,4240.4,0.058467945
Martin Luther King Jr NHS,467715,27346.7,454,15638.2,24186.6,41403.8,0.058468726
Martin Luther King Jr. MEM,3638208,69052.1,985,38931.5,61481.4,97857.6,0.018979701
Martin Van Buren NHS,22100,1292.2,17,612.5,1051.4,1675.5,0.058470588
Mary McLeod Bethune Council House NHS,7149,135.7,1,76.5,120.8,192.3,0.018981676
Mesa Verde NP,583527,60591,883,23648.1,42203.3,73272.9,0.103835812
Minute Man NHP,1049415,61357.8,903,34354.3,54240.2,87164.6,0.058468575
Minuteman Missile NHS,133895,9967.3,163,3846.1,6321.4,12425.5,0.074441167
Mississippi NRRA,256944,11180.7,175,5531.8,8886.6,15567.2,0.043514151
Missouri NRR,148209,6449.2,102,2435.8,4079.6,7582.3,0.043514227
Mojave NPRES,585634,34205.5,490,16826.3,26693.1,43497.9,0.05840764
Monocacy NB,87547,7309.2,103,4096.8,6453.6,10268.5,0.083488869
Montezuma Castle NM,392168,22929.5,340,12212,19554.4,32144.1,0.058468564
Moores Creek NB,83890,5399.7,81,2078.5,3644.8,6473.8,0.064366432
Morristown NHP,252515,14764.2,193,8783,13536.1,20739.3,0.058468606
Mount Rainier NP,1356913,50720.6,654,23276.7,40311.5,64807.9,0.037379405
Mount Rushmore NMEM,2431231,142150.6,2412,59021.2,95561.8,184247.4,0.05846857
Muir Woods NM,1123120,65667.2,903,37827.5,56129.9,90040.6,0.058468552
Natchez NHP,204120,11934.6,185,5148.7,8313.4,14741,0.058468548
Natchez Trace PKWY,5891315,141922.7,1907,50045.5,80321.1,141527.4,0.024090156
National Capital Parks Central,1813222,34414.4,493,19386.4,30636.1,48818.1,0.018979695
National Capital Parks East,1224671,23243.9,337,12997.2,20912.3,33352.8,0.01897971
National Park of American Samoa,28893,1689.3,21,798.4,1322.3,2070.2,0.058467449
Natural Bridges NM,101843,6407.8,87,2360.4,4129.7,7130.5,0.062918414
Navajo NM,65704,4155.8,56,1525.6,2662.6,4591.2,0.063250335
New Bedford Whaling NHP,145499,7810.1,123,4660.2,7253.7,11567.7,0.053678032
New River Gorge NR,1197930,52097.9,781,20907.1,33608.2,59790.3,0.043489937
Nez Perce NHP,239907,14027,215,5536.8,9929.5,17283.7,0.05846849
Nicodemus NHS,3552,197.4,3,55.9,102,191.6,0.055574324
Ninety Six NHS,118002,6899.5,109,2899.7,5043.7,8820.9,0.058469348
Niobrara NSR,73812,3211.9,49,867.3,1537.7,3079.9,0.043514605
Noatak NPRES,17000,26810.6,348,12708,23331.4,38201,1.577094118
North Cascades NP,28646,1289,15,553.1,933.2,1488.9,0.044997556
Obed W&SR,231389,4089.3,50,1417.2,2275.6,3893.6,0.017672837
Ocmulgee NM,162261,9487.2,160,3635.4,6292.2,11619.9,0.058468763
Olympic NP,3390221,286786.3,3842,138786.9,246007.5,398689.9,0.084592214
Oregon Caves NM,80613,5768.3,94,2458.4,4048.5,7413.9,0.071555456
Organ Pipe Cactus NM,234187,14484.9,207,7465,12178.6,20142,0.061851853
Ozark NSR,1241480,53392.8,823,18859.4,31227.3,58127.3,0.043007378
Padre Island NS,634013,27231.1,406,9839.9,17303.3,31262.5,0.042950381
Palo Alto Battlefield NHP,58555,3423.6,57,1262.5,2296.6,4232.8,0.058468107
Paterson Great Falls NHP,177499,10378.1,139,6139.7,8994.5,13875.3,0.058468498
Pecos NHP,39715,2322.1,37,1048.9,1663.7,2995.1,0.058469092
Perry's Victory & International Peace MEM,142152,12768.6,243,7359.3,11552.9,20097.1,0.089823569
Petersburg NB,191899,11220.1,183,5204.8,8581.5,15182.2,0.058468778
Petrified Forest NP,643273,41429.1,568,14902.3,26303,45858.2,0.064403605
Petroglyph NM,124177,7260.4,120,3228.1,5142.1,9344.1,0.058468154
Pictured Rocks NL,777428,33598.4,474,10705,19138.2,34354.1,0.043217378
Pinnacles NP,215555,12603.2,172,6290.3,9570,15483.6,0.058468604
Pipe Spring NM,46711,2731.2,42,1028.5,1807.6,3205.2,0.058470168
Pipestone NM,67489,3945.9,66,1639.7,2703.9,5037.5,0.058467306
Piscataway P,123381,7213.9,100,3937,6162.1,9773.6,0.058468484
Point Reyes NS,2438443,107103.5,1361,57311.1,84827.6,135310.7,0.043922905
Port Chicago Naval Magazine NMEM,1943,113.7,0,65.7,98.1,158.4,0.058517756
"President William Jefferson Clinton, Birthplace Home NHS, 10468",612,9,244,414.9,740.7,,0.014705882
President's Park,989424,18779,269,10587.6,16720.1,26612.7,0.01897973
Prince William Forest P,344435,19803.8,259,10285.6,16279.6,25853.6,0.05749648
Pu`uhonua O Honaunau NHP,421028,24616.9,309,11634.5,19268.2,30167,0.058468558
Puukohola Heiau NHS,138564,8101.6,103,3829,6341.3,9928.2,0.058468289
Rainbow Bridge NM,86369,5049.8,73,1872.7,3259.6,5653.5,0.058467737
Redwood NP,536297,34282.7,548,14247.2,23530.3,42801.5,0.06392484
Richmond NBP,208969,12218.1,200,5650.4,9374.5,16508.5,0.058468481
Rio Grande W&SR,496,525,11,211.8,376.8,702.6,1.058467742
River Raisin NB,202376,11832.7,189,5860.6,9521.7,16399.5,0.05846889
Rock Creek P,2478735,47045.7,674,26525.8,41937.2,66863,0.018979722
Rocky Mountain NP,4517586,298746.7,4575,169248.1,273812.2,455824.7,0.066129721
Roger Williams NMEM,65587,3834.8,54,2107,3348.8,5327.6,0.058468904
Rosie the Riveter WWII Home Front NHP,64425,3766.8,52,2176.4,3237.6,5215.3,0.058467986
Ross Lake NRA,905419,40011.3,492,18119.1,30389.3,48600.2,0.044190922
Russell Cave NM,24649,1441.2,23,587.4,999.9,1794.5,0.058468903
Sagamore Hill NHS,53920,3152.6,39,1848.4,2865.1,4306.4,0.058468101
Saguaro NP,820427,52811.2,762,27404.1,44829.8,74230.9,0.064370383
Saint Croix NSR,708259,30333.2,473,14829,23759.6,41649.1,0.042827836
Saint Croix Island IHS,13856,810.1,12,336.4,542.9,990.8,0.058465647
Saint Paul's Church NHS,20831,1218,15,716.3,1110.8,1671.1,0.058470549
Saint Gaudens NHS,42377,2116.6,34,1160.2,1929.2,3165.4,0.049946905
Salem Maritime NHS,371989,21749.6,317,12317.5,19273.3,30792.3,0.058468396
Salinas Pueblo Missions NM,32415,1895.3,30,852.2,1355.1,2442.8,0.058469844
Salt River Bay EHP,16449,961.7,11,454.5,752.8,1178.5,0.05846556
San Antonio Missions NHP,1358911,79453.6,1268,38597.7,63829.8,110688.2,0.058468583
San Francisco Maritime NHP,4334752,105955.1,1295,51771.9,76064.3,122391.3,0.024443175
San Juan NHS,1456552,85162.5,1065,40249.6,66658.7,104363.1,0.058468561
San Juan Island NHP,316123,18483.3,244,8829.8,14965,24061.3,0.058468697
Sand Creek Massacre NHS,6848,400.4,7,108.4,210.3,399,0.058469626
Santa Monica Mountains NRA,906605,39449.5,557,21192.3,32743.8,54340.8,0.043513437
Saratoga NHP,102807,6011,88,2545.7,4621.7,7654.6,0.058468781
Saugus Iron Works NHS,11160,652.5,10,368.8,578.6,924.6,0.058467742
Scotts Bluff NM,130085,7605.8,113,2998.8,5134.1,8872.8,0.058467925
Sequoia NP,1254688,95203.6,1337,38526.6,66020.8,113958.4,0.075878306
Shenandoah NP,1437341,96204.1,1278,50004,79138.6,126153.4,0.066931995
Shiloh NMP,421863,24665.8,394,9167,15709.9,28763.6,0.058468745
Sitka NHP,217141,38513.3,741,21506.4,31966.5,55343.2,0.177365399
Sleeping Bear Dunes NL,1683554,183131.9,2872,71355.7,130603.9,231016.1,0.108776968
Springfield Armory NHS,22434,1311.7,18,696.3,1123.3,1794.8,0.058469288
Statue Of Liberty NM,4501548,263199,3352,155427.8,240682,364030,0.058468553
Steamtown NHS,99660,5403.5,86,2796.4,4429.4,7432.4,0.054219346
Stones River NB,346213,20242.6,322,9872.6,16222.8,27545.2,0.058468631
Sunset Crater Volcano NM,60232,3521.7,52,1289.3,2289.4,3933.7,0.05846892
Tallgrass Prairie NPRES,29378,1717.8,26,735.7,1215,2188.5,0.058472326
Thaddeus Kosciuszko NMEM,2795,163.5,3,95.9,149,242.6,0.058497317
Theodore Roosevelt NP,753880,47793.7,654,17797.1,28484.6,51009.7,0.06339696
Theodore Roosevelt Birthplace NHS,6583,384.9,3,226.8,352.1,533.2,0.058468783
Theodore Roosevelt Inaugural NHS,29200,1707.3,25,712.3,1345.4,2196,0.058469178
Theodore Roosevelt Island P,164361,9609.9,135,5243.7,8229.1,13117.6,0.05846825
Thomas Edison NHP,57695,3373.4,44,1995.5,3073,4670.5,0.058469538
Thomas Jefferson NMEM,3414345,64803.3,923,36536.1,57698.4,91836.4,0.018979716
Thomas Stone NHS,10652,622.8,8,341.3,532.4,842.7,0.058467893
Timpanogos Cave NM,91261,5335.9,90,2824.9,4425.3,7930.6,0.058468568
Timucuan EHP,1148495,67150.9,1082,32247,53560.1,92245.1,0.058468605
Tonto NM,38048,2224.6,33,1187.8,1912.4,3155.8,0.058468251
Tumac’çcori NHP,43830,2562.6,39,1029.6,1800.7,3096,0.058466804
Tuskegee Airmen NHS,31132,1820.2,31,723.8,1195.8,2234.8,0.058467172
Tuskegee Institute NHS,8452,494.2,8,196.5,324.6,606.7,0.058471368
Tuzigoot NM,104605,6116.1,89,3269.9,5227.3,8583.7,0.058468524
Ulysses S Grant NHS,46070,2693.7,47,1427.2,2241,3961.7,0.05846972
Upper Delaware NSR&NRR,264362,11503.5,130,6033.9,9155.3,13787.8,0.043514196
Valley Forge NHP,2428724,30661.7,540,18419.2,28231.1,46515.7,0.012624613
Vanderbilt Mansion NHS,387855,22677.3,309,12139.3,19514.9,30365.8,0.0584685
Vicksburg NMP,508915,29755.6,488,13749.8,21775.8,39140.7,0.058468703
Vietnam Veterans MEM,5299713,100587,1434,56710.9,89558.9,142547.5,0.018979707
Virgin Islands NP,411343,59829.1,779,29448.5,51991.3,80376.4,0.145448203
Voyageurs NP,241911,19780.2,310,7616.1,13551.4,24601.6,0.081766435
Waco Mammoth NM,69511,4064.3,65,1577,2744.5,4930.9,0.058469882
Walnut Canyon NM,152445,8913.2,130,3263.2,5794.4,9956,0.0584683
War In The Pacific NHP,488987,28590.4,356,13512.4,22378.4,35036.3,0.05846863
Washington Monument,252677,4795.7,70,2703.8,4269.9,6796.3,0.018979567
Washita Battlefield NHS,12313,719.9,10,253.4,429.1,797.7,0.058466661
Weir Farm NHS,39080,2285,26,1328.3,2067.1,3116.3,0.058469806
Whiskeytown NRA,875566,37748.7,546,13975.2,24040.3,41874.7,0.043113483
White House,611207,11600.5,166,6540.4,10328.7,16439.8,0.018979658
White Sands NM,555794,29298.6,437,10591.7,18186.5,33565.9,0.052714855
Whitman Mission NHS,50148,2932.1,42,1076.3,1952.9,3325.3,0.058468932
William Howard Taft NHS,30723,1796.3,30,925.1,1444.2,2558.9,0.058467598
Wilson's Creek NB,183699,10740.7,184,4822.7,7796.7,14112.4,0.058469017
Wind Cave NP,617377,62282.9,1066,25980,42848.5,82815.2,0.100883091
Wolf Trap National Park for the Performing Arts,437513,25580.7,360,13969.1,21941.9,35054.8,0.058468434
Women's Rights NHP,52683,3828.2,52,1624.6,3096,4959.4,0.072664806
World War II Memorial,4856532,92175.6,1313,51968.5,82069.7,130627.2,0.018979716
World War II Valor in the Pacific NM,1819020,106355.4,1330,50265.9,83246.9,130334.2,0.058468516
Wrangell   St Elias NP&PRES,79047,124665.5,1619,59090.6,108487.8,177629.4,1.577106026
Wright Brothers NMEM,458776,26824,431,11796.1,19305.9,34248,0.058468621
Wupatki NM,223173,14376.6,198,5296.9,9388.6,16009.9,0.064419083
Yellowstone NP,4257177,524319.8,8156,238536.4,383908.1,680381.8,0.123161381
Yosemite NP,5028868,520629.1,7883,238955.1,401329.8,686339.5,0.10352809
Yukon   Charley Rivers NPRES,1090,1025.8,8,407.8,964.3,1441.8,0.941100917
Zion NP ,4295127,244531.7,3382,126205.3,208287.2,333151.7,0.056932356